code,name,date2,open2,close2,zt_time2,date3,open3,close3,zt_time3,days_boards,board_type
000066,中国长城,20260506,21.8,21.8,09:25:00,20260507,23.29,23.98,10:46:54,3天3板,
603779,威龙股份,20260514,9.02,9.02,09:25:01,20260515,9.92,9.92,09:25:01,6天4板,一字板(涨停)
002421,达实智能,20260518,3.21,3.53,10:21:42,20260519,3.88,3.88,09:25:00,3天3板,一字板(涨停)
603459,红板科技,20260508,75.0,81.05,09:34:11,20260511,89.16,89.16,09:25:01,3天3板,一字板(涨停)
000417,合百集团,20260519,8.66,8.66,09:25:00,20260520,9.45,9.53,09:31:18,3天3板,
300069,金利华电,20260521,44.06,44.06,09:25:00,20260522,52.87,52.87,09:25:00,3天3板,一字板(涨停)
603007,顺景科技,20260513,8.42,8.42,09:25:01,20260514,9.26,9.26,09:25:01,3天3板,一字板(涨停)
002491,通鼎互联,20260508,20.04,20.66,09:32:30,20260511,22.73,22.73,09:25:00,3天3板,Ｔ字板(涨停)
600611,大众交通,20260521,5.11,5.57,09:38:36,20260522,6.13,6.13,09:25:01,3天3板,一字板(涨停)
601991,大唐发电,20260507,4.89,4.95,09:32:04,20260508,5.45,5.45,09:25:02,3天3板,Ｔ字板(涨停)
000539,粤电力Ａ,20260528,7.88,8.05,09:30:33,20260529,8.75,8.86,09:31:12,3天3板,换手板(涨停)
600726,华电能源,20260526,7.27,7.61,09:39:54,20260527,7.86,8.37,09:35:48,3天3板,
001259,利仁科技,20260512,45.45,45.45,09:25:00,20260513,50.0,50.0,09:25:00,3天3板,一字板(涨停)
002579,中京电子,20260527,16.54,16.54,09:25:00,20260528,16.85,18.19,13:27:51,3天3板,
600396,华电辽能,20260512,14.0,15.05,14:42:35,20260513,15.05,16.56,09:42:04,14天9板,换手板(涨停)
603011,合锻智能,20260528,20.91,22.65,09:37:33,20260529,23.8,24.92,09:31:17,3天3板,换手板(涨停)
600745,*ST闻泰,20260526,17.51,17.86,09:39:16,20260527,17.69,18.75,09:37:36,5天4板,
603938,三孚股份,20260519,45.51,48.85,09:39:22,20260520,50.94,53.74,09:31:05,10天5板,
002272,川润股份,20260519,20.75,22.67,09:36:12,20260520,24.94,24.94,09:25:00,3天3板,Ｔ字板(涨停)
600730,*ST高科,20260430,8.97,8.97,09:25:02,20260506,9.42,9.42,09:25:02,3天3板,一字板(涨停)
603045,福达合金,20260506,51.2,51.2,09:25:02,20260507,56.34,56.34,09:25:04,3天3板,一字板(涨停)
002667,*ST威领,20260525,19.57,20.25,09:30:54,20260526,21.26,21.26,09:25:00,3天3板,一字板(涨停)
605006,山东玻纤,20260508,13.38,14.87,09:35:57,20260511,16.04,16.36,09:31:42,8天5板,
000509,华塑控股,20260526,4.34,4.74,09:30:54,20260527,4.74,5.21,09:33:09,3天3板,换手板(涨停)
600172,黄河旋风,20260512,10.33,10.76,14:12:11,20260513,10.92,11.84,10:22:33,3天3板,换手板(涨停)
600172,黄河旋风,20260525,11.5,12.09,10:03:57,20260526,12.74,13.3,09:31:27,3天3板,换手板(涨停)
603278,大业股份,20260507,12.41,13.55,09:55:32,20260508,14.0,14.91,10:15:45,3天3板,
002918,蒙娜丽莎,20260511,12.65,12.65,09:25:00,20260512,13.92,13.92,09:25:00,3天3板,一字板(涨停)
600130,波导股份,20260507,5.3,5.59,09:31:04,20260508,5.98,6.15,09:31:21,3天3板,
002552,宝鼎科技,20260525,43.5,43.8,09:30:03,20260526,44.61,48.18,13:02:18,14天9板,
002552,宝鼎科技,20260508,26.19,27.65,09:34:54,20260511,30.33,30.42,11:02:33,3天3板,换手板(涨停)
603738,泰晶科技,20260508,46.97,46.97,09:25:03,20260511,50.63,51.67,09:31:09,6天4板,换手板(涨停)
600076,康欣新材,20260511,3.78,3.96,09:32:16,20260512,4.36,4.36,09:25:02,3天3板,Ｔ字板(涨停)
603052,可川科技,20260513,104.89,104.89,09:25:04,20260514,115.38,115.38,09:25:01,3天3板,Ｔ字板(涨停)
002055,ST得润,20260525,7.53,7.53,09:25:00,20260526,7.91,7.91,09:25:00,7天6板,一字板(涨停)
002055,ST得润,20260519,6.34,6.41,09:31:54,20260520,6.73,6.73,09:25:00,3天3板,一字板(涨停)
000711,京蓝科技,20260512,6.06,6.25,09:35:06,20260513,6.49,6.56,09:30:33,19天10板,换手板(涨停)
000711,京蓝科技,20260525,6.06,6.08,09:30:27,20260526,6.38,6.38,09:25:00,28天14板,Ｔ字板(涨停)
603082,北自科技,20260515,38.42,41.71,09:50:56,20260518,45.94,45.94,09:25:01,3天3板,Ｔ字板(涨停)
600162,香江控股,20260526,2.1,2.1,09:25:03,20260527,2.23,2.31,09:30:32,3天3板,换手板(涨停)
603618,杭电股份,20260507,32.62,34.2,09:35:29,20260508,34.48,37.62,09:48:29,3天3板,换手板(涨停)
000518,四环生物,20260521,3.5,3.75,09:31:39,20260522,4.07,4.13,09:30:00,5天4板,换手板(涨停)
002585,双星新材,20260525,9.76,9.86,09:30:12,20260526,10.05,10.85,09:40:27,3天3板,换手板(涨停)
603008,ST喜临门,20260518,8.15,8.55,09:33:45,20260519,8.98,8.98,09:25:02,3天3板,一字板(涨停)
002442,龙星科技,20260521,6.82,7.37,09:38:54,20260522,7.49,8.11,09:44:42,3天3板,
600337,ST美克,20260511,2.88,2.88,09:25:02,20260512,3.02,3.02,09:25:04,3天3板,一字板(涨停)
002514,*ST宝馨,20260512,3.22,3.22,09:25:00,20260513,3.38,3.38,09:25:00,3天3板,一字板(涨停)
603311,金海高科,20260518,24.41,25.29,09:33:35,20260519,25.86,27.83,09:39:26,3天3板,换手板(涨停)
603661,恒林股份,20260522,32.17,32.17,09:25:03,20260525,35.42,35.42,09:25:03,3天3板,一字板(涨停)
002208,合肥城建,20260513,16.36,18.0,11:19:21,20260514,19.01,19.8,09:44:18,3天3板,换手板(涨停)
603316,诚邦股份,20260519,20.09,22.52,09:49:11,20260520,24.5,24.77,09:31:18,3天3板,
600734,*ST实达,20260511,2.23,2.23,09:25:02,20260512,2.34,2.34,09:25:03,3天3板,Ｔ字板(涨停)
603398,*ST沐邦,20260506,13.07,13.07,09:25:03,20260507,13.72,13.72,09:25:04,3天3板,一字板(涨停)
000402,金 融 街,20260430,3.11,3.17,09:31:21,20260506,3.17,3.49,09:46:57,3天3板,换手板(涨停)
600265,*ST景谷,20260527,22.18,22.18,09:25:04,20260528,23.29,23.29,09:25:02,3天3板,一字板(涨停)
603937,丽岛新材,20260430,14.14,15.25,09:48:58,20260506,15.77,16.78,09:31:50,6天4板,换手板(涨停)
600530,ST交昂,20260511,6.49,6.55,09:30:10,20260512,7.21,7.21,09:25:02,3天3板,Ｔ字板(涨停)
002634,*ST棒杰,20260430,5.16,5.31,09:33:00,20260506,5.58,5.58,09:25:00,3天3板,Ｔ字板(涨停)
600578,京能电力,20260514,6.37,6.37,09:25:02,20260515,6.5,7.01,11:27:27,3天3板,换手板(涨停)
002323,*ST雅博,20260526,1.27,1.27,09:25:00,20260527,1.33,1.33,09:25:00,11天5板,Ｔ字板(涨停)
000668,荣丰控股,20260507,16.78,17.47,10:52:09,20260508,17.78,18.34,09:30:48,3天3板,
000632,ST三木,20260512,3.94,4.0,09:31:09,20260513,4.15,4.2,09:32:03,3天3板,
000669,ST金鸿,20260515,4.41,4.41,09:25:00,20260518,4.63,4.63,09:25:00,3天3板,一字板(涨停)
603378,*ST亚士,20260513,4.87,4.87,09:25:02,20260514,5.11,5.11,09:25:03,3天3板,Ｔ字板(涨停)
603189,*ST网达,20260511,12.89,12.9,09:30:03,20260512,13.4,13.55,09:31:11,3天3板,
003004,声迅股份,20260507,35.7,36.5,09:31:09,20260508,38.33,38.33,09:25:00,3天3板,一字板(涨停)
002501,*ST利源,20260512,1.4,1.4,09:25:00,20260513,1.47,1.47,09:25:00,3天3板,Ｔ字板(涨停)
603272,*ST联翔,20260526,36.36,36.36,09:25:02,20260527,38.18,38.18,09:25:01,20天13板,Ｔ字板(涨停)
603272,*ST联翔,20260512,26.91,28.78,09:37:06,20260513,30.22,30.22,09:25:03,10天8板,Ｔ字板(涨停)
002693,双成药业,20260511,9.96,10.06,13:40:06,20260512,10.19,10.56,09:33:21,3天3板,换手板(涨停)
000510,新金路,20260525,15.62,16.43,10:25:00,20260526,16.55,18.07,10:24:00,3天3板,换手板(涨停)
002207,*ST准油,20260506,7.21,7.21,09:25:00,20260507,7.38,7.57,09:41:09,3天3板,换手板(涨停)
002805,丰元股份,20260430,22.68,22.85,09:30:03,20260506,23.34,25.14,11:17:36,3天3板,换手板(涨停)
603828,*ST利达,20260506,4.62,5.03,10:11:48,20260507,5.28,5.28,09:25:02,3天3板,Ｔ字板(涨停)
603595,ST东尼,20260525,23.24,23.56,09:32:03,20260526,24.7,24.74,09:35:21,3天3板,
000056,*ST皇庭,20260526,1.39,1.39,09:25:00,20260527,1.46,1.46,09:25:00,3天3板,Ｔ字板(涨停)
600683,京投发展,20260511,18.95,18.95,09:25:03,20260512,20.8,20.85,13:35:51,3天3板,换手板(涨停)
603580,艾艾精工,20260506,22.27,22.27,09:25:05,20260507,22.0,23.38,09:52:01,6天4板,
002856,*ST美芝,20260512,15.22,15.52,09:30:39,20260513,16.0,16.3,09:30:39,7天5板,换手板(涨停)
002856,*ST美芝,20260526,20.01,20.01,09:25:00,20260527,20.68,21.01,09:57:45,17天11板,换手板(涨停)
002199,东晶电子,20260511,12.43,12.62,09:30:33,20260512,13.25,13.25,09:25:00,7天5板,Ｔ字板(涨停)
603559,中通国脉,20260512,9.1,9.19,09:34:02,20260513,9.53,9.65,09:31:50,11天6板,换手板(涨停)
600381,*ST春天,20260526,5.13,5.17,09:33:23,20260527,5.28,5.43,09:31:46,3天3板,换手板(涨停)
603959,ST百利,20260511,5.08,5.08,09:25:03,20260512,4.83,5.33,13:04:38,3天3板,换手板(涨停)
